,id,sentenceId2,x,y
0,001,03,0,4
1,001,03,7,1
2,001,03,13,0
3,001,03,16,1
4,001,03,20,0
5,001,03,25,1
6,001,03,29,4
7,001,03,24,7
8,001,03,20,9
9,001,03,16,9
10,001,03,12,9
11,001,03,7,8
12,001,03,3,4
13,001,03,12,3
14,001,03,16,3
15,001,03,20,3
16,001,03,27,4
17,001,03,20,3
18,001,03,16,4
19,001,03,12,3
20,003,03,0,8
21,003,03,6,3
22,003,03,12,0
23,003,03,16,1
24,003,03,21,1
25,003,03,26,3
26,003,03,29,8
27,003,03,25,15
28,003,03,20,18
29,003,03,15,19
30,003,03,11,18
31,003,03,5,15
32,003,03,3,8
33,003,03,12,5
34,003,03,16,5
35,003,03,20,5
36,003,03,26,8
37,003,03,20,11
38,003,03,16,12
39,003,03,11,11
40,002,03,0,6
41,002,03,5,2
42,002,03,11,0
43,002,03,15,1
44,002,03,20,0
45,002,03,25,3
46,002,03,28,7
47,002,03,24,13
48,002,03,19,16
49,002,03,15,17
50,002,03,10,16
51,002,03,5,13
52,002,03,3,6
53,002,03,11,4
54,002,03,15,5
55,002,03,20,4
56,002,03,26,7
57,002,03,19,10
58,002,03,15,11
59,002,03,11,10
60,012,03,0,5
61,012,03,7,2
62,012,03,12,0
63,012,03,16,2
64,012,03,20,1
65,012,03,25,2
66,012,03,30,5
67,012,03,24,8
68,012,03,20,10
69,012,03,16,10
70,012,03,11,10
71,012,03,6,9
72,012,03,2,5
73,012,03,12,4
74,012,03,16,4
75,012,03,20,4
76,012,03,28,5
77,012,03,20,4
78,012,03,16,5
79,012,03,12,4
80,006,03,0,7
81,006,03,6,3
82,006,03,12,0
83,006,03,16,2
84,006,03,20,1
85,006,03,25,3
86,006,03,29,8
87,006,03,25,13
88,006,03,20,15
89,006,03,15,16
90,006,03,11,15
91,006,03,6,13
92,006,03,4,7
93,006,03,12,5
94,006,03,16,5
95,006,03,20,5
96,006,03,26,7
97,006,03,20,9
98,006,03,16,9
99,006,03,11,8
100,007,03,0,5
101,007,03,6,2
102,007,03,11,0
103,007,03,15,1
104,007,03,19,0
105,007,03,24,3
106,007,03,29,6
107,007,03,24,10
108,007,03,19,11
109,007,03,14,12
110,007,03,10,11
111,007,03,5,9
112,007,03,2,5
113,007,03,11,4
114,007,03,15,5
115,007,03,19,4
116,007,03,26,6
117,007,03,19,5
118,007,03,15,6
119,007,03,11,5
120,005,03,0,6
121,005,03,5,2
122,005,03,11,0
123,005,03,15,1
124,005,03,20,0
125,005,03,25,2
126,005,03,28,7
127,005,03,24,14
128,005,03,19,16
129,005,03,14,17
130,005,03,10,17
131,005,03,4,14
132,005,03,2,6
133,005,03,11,4
134,005,03,15,4
135,005,03,19,4
136,005,03,26,7
137,005,03,19,9
138,005,03,15,10
139,005,03,11,9
140,011,03,0,5
141,011,03,5,1
142,011,03,11,0
143,011,03,15,1
144,011,03,20,0
145,011,03,25,2
146,011,03,29,6
147,011,03,24,12
148,011,03,19,14
149,011,03,15,15
150,011,03,10,14
151,011,03,5,11
152,011,03,2,5
153,011,03,11,4
154,011,03,15,4
155,011,03,19,4
156,011,03,26,6
157,011,03,19,7
158,011,03,15,8
159,011,03,11,7
160,010,03,0,6
161,010,03,5,2
162,010,03,12,0
163,010,03,16,2
164,010,03,21,1
165,010,03,26,3
166,010,03,30,8
167,010,03,25,14
168,010,03,20,18
169,010,03,15,18
170,010,03,10,18
171,010,03,4,14
172,010,03,2,7
173,010,03,11,5
174,010,03,16,5
175,010,03,21,5
176,010,03,27,7
177,010,03,20,10
178,010,03,15,11
179,010,03,11,10
180,004,03,0,7
181,004,03,5,2
182,004,03,12,0
183,004,03,16,1
184,004,03,20,0
185,004,03,25,3
186,004,03,28,8
187,004,03,25,15
188,004,03,20,19
189,004,03,15,19
190,004,03,10,19
191,004,03,4,15
192,004,03,3,7
193,004,03,11,4
194,004,03,15,5
195,004,03,20,4
196,004,03,26,8
197,004,03,20,11
198,004,03,15,12
199,004,03,11,12
200,009,03,0,6
201,009,03,5,2
202,009,03,11,0
203,009,03,16,1
204,009,03,21,1
205,009,03,26,3
206,009,03,30,7
207,009,03,25,13
208,009,03,20,16
209,009,03,15,16
210,009,03,10,16
211,009,03,4,13
212,009,03,2,6
213,009,03,11,4
214,009,03,16,5
215,009,03,20,4
216,009,03,27,7
217,009,03,20,9
218,009,03,15,9
219,009,03,11,9
220,008,03,0,6
221,008,03,5,2
222,008,03,11,0
223,008,03,15,1
224,008,03,20,0
225,008,03,25,3
226,008,03,28,8
227,008,03,25,13
228,008,03,20,15
229,008,03,15,16
230,008,03,10,15
231,008,03,4,12
232,008,03,3,6
233,008,03,11,5
234,008,03,15,5
235,008,03,20,5
236,008,03,26,7
237,008,03,20,8
238,008,03,15,9
239,008,03,10,8
240,001,04,0,4
241,001,04,7,1
242,001,04,12,0
243,001,04,16,1
244,001,04,20,0
245,001,04,24,2
246,001,04,29,5
247,001,04,24,8
248,001,04,19,9
249,001,04,15,10
250,001,04,11,9
251,001,04,6,8
252,001,04,3,4
253,001,04,12,4
254,001,04,16,4
255,001,04,20,4
256,001,04,27,5
257,001,04,20,3
258,001,04,16,4
259,001,04,12,3
260,003,04,0,6
261,003,04,5,2
262,003,04,11,0
263,003,04,15,1
264,003,04,20,0
265,003,04,25,3
266,003,04,29,7
267,003,04,24,14
268,003,04,19,17
269,003,04,14,17
270,003,04,10,17
271,003,04,4,13
272,003,04,3,6
273,003,04,11,4
274,003,04,15,5
275,003,04,19,4
276,003,04,26,7
277,003,04,19,9
278,003,04,15,10
279,003,04,10,9
280,002,04,0,6
281,002,04,5,2
282,002,04,11,0
283,002,04,15,1
284,002,04,19,0
285,002,04,24,3
286,002,04,28,7
287,002,04,24,13
288,002,04,19,16
289,002,04,14,16
290,002,04,10,15
291,002,04,4,12
292,002,04,3,6
293,002,04,11,4
294,002,04,15,5
295,002,04,19,5
296,002,04,25,7
297,002,04,19,9
298,002,04,15,9
299,002,04,10,9
300,012,04,0,6
301,012,04,5,2
302,012,04,11,0
303,012,04,16,1
304,012,04,20,1
305,012,04,25,3
306,012,04,29,8
307,012,04,25,14
308,012,04,19,17
309,012,04,14,18
310,012,04,10,17
311,012,04,4,14
312,012,04,2,6
313,012,04,11,4
314,012,04,15,5
315,012,04,20,5
316,012,04,26,8
317,012,04,20,10
318,012,04,15,11
319,012,04,10,10
320,006,04,0,5
321,006,04,7,2
322,006,04,13,0
323,006,04,17,1
324,006,04,21,0
325,006,04,26,2
326,006,04,30,6
327,006,04,25,12
328,006,04,20,14
329,006,04,16,15
330,006,04,11,14
331,006,04,6,12
332,006,04,3,5
333,006,04,12,4
334,006,04,16,4
335,006,04,21,4
336,006,04,28,6
337,006,04,20,8
338,006,04,16,8
339,006,04,12,8
340,007,04,0,6
341,007,04,6,2
342,007,04,12,0
343,007,04,15,1
344,007,04,19,0
345,007,04,24,3
346,007,04,28,7
347,007,04,24,13
348,007,04,19,16
349,007,04,15,16
350,007,04,10,16
351,007,04,5,13
352,007,04,3,6
353,007,04,11,4
354,007,04,15,5
355,007,04,19,4
356,007,04,25,7
357,007,04,19,9
358,007,04,15,9
359,007,04,11,9
360,013,04,0,4
361,013,04,6,1
362,013,04,12,0
363,013,04,16,1
364,013,04,20,0
365,013,04,25,2
366,013,04,30,5
367,013,04,24,9
368,013,04,20,10
369,013,04,15,11
370,013,04,11,10
371,013,04,6,8
372,013,04,2,4
373,013,04,12,4
374,013,04,16,5
375,013,04,20,4
376,013,04,27,5
377,013,04,20,4
378,013,04,16,5
379,013,04,12,4
380,005,04,0,5
381,005,04,5,2
382,005,04,11,0
383,005,04,16,1
384,005,04,20,0
385,005,04,25,2
386,005,04,29,7
387,005,04,25,14
388,005,04,20,17
389,005,04,15,17
390,005,04,10,17
391,005,04,4,14
392,005,04,2,6
393,005,04,11,4
394,005,04,15,4
395,005,04,20,4
396,005,04,27,7
397,005,04,20,10
398,005,04,15,11
399,005,04,10,10
400,011,04,0,5
401,011,04,6,1
402,011,04,12,0
403,011,04,16,1
404,011,04,21,0
405,011,04,26,2
406,011,04,30,7
407,011,04,25,13
408,011,04,20,16
409,011,04,15,16
410,011,04,10,16
411,011,04,4,13
412,011,04,2,6
413,011,04,12,4
414,011,04,16,4
415,011,04,21,4
416,011,04,27,7
417,011,04,20,9
418,011,04,16,9
419,011,04,11,9
420,010,04,0,6
421,010,04,6,2
422,010,04,12,0
423,010,04,16,1
424,010,04,21,0
425,010,04,26,3
426,010,04,30,7
427,010,04,25,13
428,010,04,20,16
429,010,04,15,16
430,010,04,10,15
431,010,04,4,12
432,010,04,2,6
433,010,04,11,4
434,010,04,16,5
435,010,04,21,4
436,010,04,27,7
437,010,04,21,8
438,010,04,16,9
439,010,04,11,8
440,004,04,0,6
441,004,04,5,2
442,004,04,11,0
443,004,04,15,1
444,004,04,20,0
445,004,04,25,3
446,004,04,28,8
447,004,04,24,14
448,004,04,19,17
449,004,04,14,18
450,004,04,10,17
451,004,04,4,14
452,004,04,3,7
453,004,04,11,4
454,004,04,15,5
455,004,04,19,5
456,004,04,26,7
457,004,04,19,10
458,004,04,15,11
459,004,04,10,10
460,009,04,0,6
461,009,04,6,2
462,009,04,12,0
463,009,04,17,1
464,009,04,21,0
465,009,04,26,3
466,009,04,30,8
467,009,04,26,14
468,009,04,21,17
469,009,04,15,17
470,009,04,11,17
471,009,04,5,13
472,009,04,3,6
473,009,04,12,4
474,009,04,16,5
475,009,04,21,5
476,009,04,27,8
477,009,04,21,10
478,009,04,16,10
479,009,04,11,10
480,008,04,0,5
481,008,04,7,2
482,008,04,13,0
483,008,04,16,1
484,008,04,20,0
485,008,04,25,2
486,008,04,29,6
487,008,04,24,9
488,008,04,19,11
489,008,04,15,11
490,008,04,11,10
491,008,04,6,9
492,008,04,3,5
493,008,04,12,4
494,008,04,16,4
495,008,04,20,4
496,008,04,27,5
497,008,04,20,5
498,008,04,15,5
499,008,04,12,5
500,001,05,0,4
501,001,05,7,2
502,001,05,12,0
503,001,05,16,1
504,001,05,20,0
505,001,05,24,2
506,001,05,29,5
507,001,05,24,8
508,001,05,19,9
509,001,05,15,10
510,001,05,11,9
511,001,05,6,8
512,001,05,2,4
513,001,05,12,3
514,001,05,16,4
515,001,05,20,4
516,001,05,27,5
517,001,05,19,4
518,001,05,15,4
519,001,05,12,4
520,003,05,0,7
521,003,05,5,2
522,003,05,12,0
523,003,05,16,1
524,003,05,20,0
525,003,05,25,3
526,003,05,28,8
527,003,05,24,14
528,003,05,19,17
529,003,05,14,18
530,003,05,10,17
531,003,05,4,14
532,003,05,3,7
533,003,05,11,4
534,003,05,15,5
535,003,05,20,5
536,003,05,25,8
537,003,05,20,10
538,003,05,15,11
539,003,05,11,10
540,002,05,0,5
541,002,05,5,2
542,002,05,11,0
543,002,05,15,1
544,002,05,19,1
545,002,05,24,3
546,002,05,27,7
547,002,05,23,13
548,002,05,19,15
549,002,05,14,16
550,002,05,10,15
551,002,05,4,12
552,002,05,3,5
553,002,05,11,4
554,002,05,15,5
555,002,05,19,5
556,002,05,25,7
557,002,05,19,9
558,002,05,14,9
559,002,05,10,8
560,012,05,0,6
561,012,05,6,2
562,012,05,12,0
563,012,05,16,2
564,012,05,20,1
565,012,05,25,3
566,012,05,29,7
567,012,05,24,12
568,012,05,20,14
569,012,05,15,15
570,012,05,10,14
571,012,05,5,12
572,012,05,3,6
573,012,05,12,5
574,012,05,16,6
575,012,05,20,5
576,012,05,27,7
577,012,05,20,8
578,012,05,15,8
579,012,05,11,8
580,006,05,0,6
581,006,05,6,3
582,006,05,12,0
583,006,05,15,2
584,006,05,19,1
585,006,05,24,4
586,006,05,28,8
587,006,05,24,13
588,006,05,19,14
589,006,05,14,15
590,006,05,10,14
591,006,05,5,12
592,006,05,3,6
593,006,05,11,4
594,006,05,15,5
595,006,05,19,5
596,006,05,25,7
597,006,05,19,8
598,006,05,15,8
599,006,05,11,8
600,007,05,0,6
601,007,05,6,2
602,007,05,11,0
603,007,05,15,2
604,007,05,20,1
605,007,05,24,3
606,007,05,28,8
607,007,05,24,11
608,007,05,19,13
609,007,05,14,13
610,007,05,10,13
611,007,05,5,11
612,007,05,3,6
613,007,05,11,4
614,007,05,15,5
615,007,05,19,5
616,007,05,26,7
617,007,05,19,7
618,007,05,15,7
619,007,05,11,6
620,013,05,0,5
621,013,05,7,2
622,013,05,13,0
623,013,05,17,1
624,013,05,21,1
625,013,05,25,2
626,013,05,30,5
627,013,05,25,8
628,013,05,20,9
629,013,05,16,10
630,013,05,12,9
631,013,05,6,8
632,013,05,3,5
633,013,05,12,4
634,013,05,16,5
635,013,05,21,4
636,013,05,28,5
637,013,05,20,4
638,013,05,16,5
639,013,05,12,4
640,005,05,0,7
641,005,05,5,3
642,005,05,12,0
643,005,05,16,2
644,005,05,20,1
645,005,05,25,4
646,005,05,28,9
647,005,05,24,15
648,005,05,19,18
649,005,05,14,19
650,005,05,10,18
651,005,05,4,15
652,005,05,2,7
653,005,05,11,5
654,005,05,15,5
655,005,05,20,5
656,005,05,26,8
657,005,05,19,11
658,005,05,15,12
659,005,05,11,11
660,011,05,0,6
661,011,05,5,2
662,011,05,12,0
663,011,05,16,1
664,011,05,21,0
665,011,05,26,3
666,011,05,29,8
667,011,05,25,15
668,011,05,20,17
669,011,05,15,18
670,011,05,10,17
671,011,05,4,14
672,011,05,2,6
673,011,05,11,5
674,011,05,16,5
675,011,05,20,5
676,011,05,26,8
677,011,05,20,10
678,011,05,15,11
679,011,05,11,10
680,010,05,0,7
681,010,05,6,2
682,010,05,12,0
683,010,05,16,2
684,010,05,21,1
685,010,05,26,3
686,010,05,29,8
687,010,05,25,14
688,010,05,20,17
689,010,05,15,17
690,010,05,10,17
691,010,05,5,14
692,010,05,2,7
693,010,05,11,5
694,010,05,16,5
695,010,05,20,5
696,010,05,27,8
697,010,05,20,10
698,010,05,15,11
699,010,05,11,10
700,004,05,0,6
701,004,05,5,2
702,004,05,12,0
703,004,05,15,1
704,004,05,19,0
705,004,05,24,3
706,004,05,28,9
707,004,05,24,15
708,004,05,19,17
709,004,05,14,18
710,004,05,10,17
711,004,05,4,14
712,004,05,3,6
713,004,05,11,4
714,004,05,15,5
715,004,05,19,5
716,004,05,25,8
717,004,05,19,11
718,004,05,15,11
719,004,05,11,10
720,009,05,0,6
721,009,05,6,2
722,009,05,12,0
723,009,05,17,1
724,009,05,22,1
725,009,05,27,3
726,009,05,30,8
727,009,05,26,13
728,009,05,21,16
729,009,05,16,16
730,009,05,11,16
731,009,05,5,13
732,009,05,3,6
733,009,05,12,4
734,009,05,16,5
735,009,05,21,5
736,009,05,28,7
737,009,05,21,9
738,009,05,16,10
739,009,05,11,9
740,008,05,0,6
741,008,05,6,2
742,008,05,12,0
743,008,05,16,1
744,008,05,21,1
745,008,05,26,3
746,008,05,29,7
747,008,05,25,12
748,008,05,20,14
749,008,05,15,15
750,008,05,10,14
751,008,05,5,12
752,008,05,3,6
753,008,05,11,4
754,008,05,16,5
755,008,05,20,5
756,008,05,27,7
757,008,05,20,8
758,008,05,15,8
759,008,05,11,7
760,001,02,0,4
761,001,02,7,2
762,001,02,12,0
763,001,02,16,1
764,001,02,20,0
765,001,02,24,2
766,001,02,29,5
767,001,02,24,8
768,001,02,19,9
769,001,02,15,10
770,001,02,12,10
771,001,02,6,8
772,001,02,2,4
773,001,02,12,4
774,001,02,16,4
775,001,02,20,4
776,001,02,27,4
777,001,02,20,4
778,001,02,16,4
779,001,02,12,4
780,003,02,0,6
781,003,02,5,2
782,003,02,11,0
783,003,02,15,1
784,003,02,19,0
785,003,02,23,2
786,003,02,27,7
787,003,02,23,13
788,003,02,18,15
789,003,02,14,15
790,003,02,9,15
791,003,02,4,12
792,003,02,2,6
793,003,02,10,4
794,003,02,14,4
795,003,02,18,4
796,003,02,24,7
797,003,02,18,8
798,003,02,14,9
799,003,02,10,8
800,002,02,0,6
801,002,02,6,2
802,002,02,12,0
803,002,02,16,1
804,002,02,20,0
805,002,02,24,3
806,002,02,28,7
807,002,02,24,12
808,002,02,19,15
809,002,02,15,15
810,002,02,10,15
811,002,02,5,12
812,002,02,3,6
813,002,02,11,4
814,002,02,15,5
815,002,02,19,5
816,002,02,26,7
817,002,02,19,8
818,002,02,15,9
819,002,02,11,8
820,012,02,0,5
821,012,02,5,1
822,012,02,11,0
823,012,02,15,1
824,012,02,19,0
825,012,02,24,2
826,012,02,29,6
827,012,02,24,11
828,012,02,19,13
829,012,02,14,14
830,012,02,10,13
831,012,02,5,11
832,012,02,2,5
833,012,02,11,4
834,012,02,15,5
835,012,02,19,4
836,012,02,26,5
837,012,02,19,7
838,012,02,15,8
839,012,02,10,7
840,006,02,0,6
841,006,02,6,2
842,006,02,11,0
843,006,02,15,1
844,006,02,19,0
845,006,02,24,3
846,006,02,28,7
847,006,02,24,12
848,006,02,19,14
849,006,02,15,14
850,006,02,10,14
851,006,02,5,12
852,006,02,3,6
853,006,02,11,4
854,006,02,15,5
855,006,02,19,4
856,006,02,26,6
857,006,02,19,7
858,006,02,15,8
859,006,02,11,7
860,007,02,0,7
861,007,02,5,3
862,007,02,11,0
863,007,02,15,2
864,007,02,19,1
865,007,02,24,4
866,007,02,28,8
867,007,02,24,14
868,007,02,19,17
869,007,02,15,17
870,007,02,10,17
871,007,02,5,14
872,007,02,3,7
873,007,02,11,5
874,007,02,15,5
875,007,02,19,5
876,007,02,26,8
877,007,02,19,10
878,007,02,15,10
879,007,02,11,9
880,013,02,0,5
881,013,02,6,2
882,013,02,12,1
883,013,02,16,2
884,013,02,20,0
885,013,02,25,2
886,013,02,30,5
887,013,02,25,9
888,013,02,20,10
889,013,02,16,11
890,013,02,12,11
891,013,02,6,9
892,013,02,3,5
893,013,02,12,5
894,013,02,16,5
895,013,02,20,4
896,013,02,28,5
897,013,02,20,4
898,013,02,16,5
899,013,02,12,5
900,005,02,0,7
901,005,02,5,3
902,005,02,11,0
903,005,02,15,2
904,005,02,19,1
905,005,02,24,3
906,005,02,27,8
907,005,02,23,15
908,005,02,18,18
909,005,02,14,18
910,005,02,9,18
911,005,02,4,15
912,005,02,2,7
913,005,02,10,5
914,005,02,14,5
915,005,02,19,5
916,005,02,24,8
917,005,02,18,10
918,005,02,14,11
919,005,02,10,10
920,011,02,0,6
921,011,02,5,2
922,011,02,11,0
923,011,02,15,1
924,011,02,19,0
925,011,02,24,2
926,011,02,28,7
927,011,02,24,14
928,011,02,19,17
929,011,02,14,18
930,011,02,10,17
931,011,02,4,14
932,011,02,2,6
933,011,02,11,4
934,011,02,15,4
935,011,02,19,4
936,011,02,25,7
937,011,02,19,11
938,011,02,15,11
939,011,02,10,11
940,010,02,0,6
941,010,02,5,2
942,010,02,11,0
943,010,02,15,1
944,010,02,20,1
945,010,02,25,3
946,010,02,29,7
947,010,02,25,13
948,010,02,20,15
949,010,02,15,16
950,010,02,10,15
951,010,02,4,12
952,010,02,3,6
953,010,02,11,4
954,010,02,15,5
955,010,02,20,4
956,010,02,26,7
957,010,02,20,8
958,010,02,15,9
959,010,02,10,8
960,004,02,0,7
961,004,02,5,3
962,004,02,11,0
963,004,02,15,1
964,004,02,19,0
965,004,02,24,3
966,004,02,27,9
967,004,02,23,14
968,004,02,19,17
969,004,02,14,17
970,004,02,10,17
971,004,02,4,14
972,004,02,3,7
973,004,02,11,5
974,004,02,15,5
975,004,02,19,5
976,004,02,25,8
977,004,02,19,10
978,004,02,14,11
979,004,02,10,10
980,009,02,0,6
981,009,02,5,2
982,009,02,11,0
983,009,02,16,1
984,009,02,20,0
985,009,02,25,2
986,009,02,29,7
987,009,02,25,13
988,009,02,20,16
989,009,02,15,17
990,009,02,10,16
991,009,02,4,13
992,009,02,3,6
993,009,02,11,4
994,009,02,15,4
995,009,02,20,4
996,009,02,26,7
997,009,02,20,9
998,009,02,15,10
999,009,02,10,9
1000,008,02,0,5
1001,008,02,5,2
1002,008,02,11,0
1003,008,02,15,1
1004,008,02,19,0
1005,008,02,24,2
1006,008,02,28,6
1007,008,02,23,10
1008,008,02,18,12
1009,008,02,14,13
1010,008,02,9,12
1011,008,02,4,10
1012,008,02,2,5
1013,008,02,10,4
1014,008,02,14,4
1015,008,02,19,4
1016,008,02,25,6
1017,008,02,18,6
1018,008,02,14,6
1019,008,02,10,6
1020,001,10,0,4
1021,001,10,6,2
1022,001,10,12,0
1023,001,10,16,1
1024,001,10,20,0
1025,001,10,25,2
1026,001,10,30,5
1027,001,10,24,9
1028,001,10,20,10
1029,001,10,15,11
1030,001,10,11,10
1031,001,10,6,9
1032,001,10,3,4
1033,001,10,12,4
1034,001,10,16,4
1035,001,10,20,4
1036,001,10,28,5
1037,001,10,20,4
1038,001,10,16,5
1039,001,10,12,4
1040,003,10,0,7
1041,003,10,5,2
1042,003,10,11,0
1043,003,10,15,1
1044,003,10,20,1
1045,003,10,25,3
1046,003,10,29,9
1047,003,10,25,16
1048,003,10,19,19
1049,003,10,15,19
1050,003,10,10,19
1051,003,10,4,15
1052,003,10,3,7
1053,003,10,11,5
1054,003,10,15,5
1055,003,10,20,5
1056,003,10,26,8
1057,003,10,20,12
1058,003,10,15,12
1059,003,10,11,11
1060,002,10,0,6
1061,002,10,5,2
1062,002,10,11,0
1063,002,10,16,1
1064,002,10,20,0
1065,002,10,25,3
1066,002,10,29,8
1067,002,10,25,14
1068,002,10,20,17
1069,002,10,15,18
1070,002,10,10,17
1071,002,10,5,14
1072,002,10,3,6
1073,002,10,11,4
1074,002,10,15,5
1075,002,10,20,4
1076,002,10,26,7
1077,002,10,20,10
1078,002,10,15,11
1079,002,10,11,10
1080,006,10,0,6
1081,006,10,6,2
1082,006,10,11,0
1083,006,10,16,1
1084,006,10,20,0
1085,006,10,25,2
1086,006,10,29,6
1087,006,10,24,11
1088,006,10,19,13
1089,006,10,15,13
1090,006,10,10,13
1091,006,10,5,11
1092,006,10,3,6
1093,006,10,11,4
1094,006,10,15,5
1095,006,10,20,4
1096,006,10,26,6
1097,006,10,20,7
1098,006,10,15,7
1099,006,10,11,7
1100,007,10,0,6
1101,007,10,6,2
1102,007,10,12,0
1103,007,10,16,1
1104,007,10,21,0
1105,007,10,26,2
1106,007,10,30,7
1107,007,10,26,14
1108,007,10,20,17
1109,007,10,15,17
1110,007,10,11,17
1111,007,10,5,14
1112,007,10,3,7
1113,007,10,12,4
1114,007,10,16,5
1115,007,10,21,4
1116,007,10,27,7
1117,007,10,21,9
1118,007,10,16,10
1119,007,10,11,10
1120,005,10,0,5
1121,005,10,6,2
1122,005,10,12,0
1123,005,10,16,1
1124,005,10,20,0
1125,005,10,25,2
1126,005,10,29,6
1127,005,10,24,10
1128,005,10,19,12
1129,005,10,15,13
1130,005,10,11,13
1131,005,10,6,11
1132,005,10,3,5
1133,005,10,12,4
1134,005,10,16,4
1135,005,10,20,4
1136,005,10,26,5
1137,005,10,19,6
1138,005,10,15,7
1139,005,10,12,6
1140,011,10,0,4
1141,011,10,6,1
1142,011,10,12,0
1143,011,10,16,1
1144,011,10,20,0
1145,011,10,25,2
1146,011,10,30,4
1147,011,10,24,7
1148,011,10,19,9
1149,011,10,15,9
1150,011,10,11,9
1151,011,10,6,7
1152,011,10,2,3
1153,011,10,12,3
1154,011,10,16,4
1155,011,10,20,3
1156,011,10,28,4
1157,011,10,20,3
1158,011,10,16,4
1159,011,10,12,3
1160,010,10,0,6
1161,010,10,6,2
1162,010,10,13,0
1163,010,10,17,1
1164,010,10,21,0
1165,010,10,26,3
1166,010,10,30,7
1167,010,10,26,13
1168,010,10,21,16
1169,010,10,16,17
1170,010,10,11,16
1171,010,10,5,13
1172,010,10,3,6
1173,010,10,12,4
1174,010,10,16,5
1175,010,10,21,4
1176,010,10,27,7
1177,010,10,21,9
1178,010,10,16,10
1179,010,10,12,9
1180,004,10,0,6
1181,004,10,5,2
1182,004,10,11,0
1183,004,10,16,1
1184,004,10,20,0
1185,004,10,25,2
1186,004,10,29,7
1187,004,10,25,15
1188,004,10,20,18
1189,004,10,15,18
1190,004,10,10,18
1191,004,10,4,15
1192,004,10,3,7
1193,004,10,11,4
1194,004,10,15,4
1195,004,10,20,4
1196,004,10,26,7
1197,004,10,20,10
1198,004,10,15,11
1199,004,10,11,10
1200,009,10,0,7
1201,009,10,5,2
1202,009,10,12,0
1203,009,10,16,1
1204,009,10,21,0
1205,009,10,26,3
1206,009,10,30,9
1207,009,10,26,15
1208,009,10,21,18
1209,009,10,15,18
1210,009,10,10,18
1211,009,10,4,15
1212,009,10,3,7
1213,009,10,11,5
1214,009,10,16,5
1215,009,10,21,5
1216,009,10,27,8
1217,009,10,21,11
1218,009,10,16,11
1219,009,10,11,11
1220,008,10,0,5
1221,008,10,6,1
1222,008,10,12,0
1223,008,10,16,1
1224,008,10,21,0
1225,008,10,26,2
1226,008,10,30,6
1227,008,10,26,12
1228,008,10,20,15
1229,008,10,16,15
1230,008,10,11,15
1231,008,10,5,12
1232,008,10,3,5
1233,008,10,12,3
1234,008,10,16,4
1235,008,10,21,4
1236,008,10,28,6
1237,008,10,21,8
1238,008,10,16,9
1239,008,10,11,8
1240,014,07,0,4
1241,014,07,7,1
1242,014,07,13,0
1243,014,07,17,0
1244,014,07,21,0
1245,014,07,25,1
1246,014,07,30,4
1247,014,07,25,7
1248,014,07,20,8
1249,014,07,16,9
1250,014,07,12,8
1251,014,07,7,7
1252,014,07,3,4
1253,014,07,12,3
1254,014,07,16,3
1255,014,07,20,3
1256,014,07,28,4
1257,014,07,20,3
1258,014,07,16,3
1259,014,07,13,3
1260,001,07,0,4
1261,001,07,7,2
1262,001,07,12,0
1263,001,07,16,1
1264,001,07,19,0
1265,001,07,24,2
1266,001,07,29,4
1267,001,07,23,7
1268,001,07,19,8
1269,001,07,15,8
1270,001,07,12,8
1271,001,07,6,7
1272,001,07,2,4
1273,001,07,12,3
1274,001,07,15,4
1275,001,07,19,3
1276,001,07,27,4
1277,001,07,19,3
1278,001,07,16,3
1279,001,07,12,3
1280,003,07,0,7
1281,003,07,5,2
1282,003,07,11,0
1283,003,07,15,2
1284,003,07,20,1
1285,003,07,25,3
1286,003,07,29,9
1287,003,07,25,15
1288,003,07,19,18
1289,003,07,14,18
1290,003,07,10,17
1291,003,07,4,14
1292,003,07,2,7
1293,003,07,11,5
1294,003,07,15,5
1295,003,07,20,5
1296,003,07,26,8
1297,003,07,20,11
1298,003,07,15,11
1299,003,07,10,11
1300,002,07,0,5
1301,002,07,6,2
1302,002,07,12,0
1303,002,07,16,1
1304,002,07,21,0
1305,002,07,26,2
1306,002,07,30,6
1307,002,07,26,11
1308,002,07,20,13
1309,002,07,16,14
1310,002,07,11,13
1311,002,07,6,11
1312,002,07,3,5
1313,002,07,12,5
1314,002,07,16,5
1315,002,07,21,5
1316,002,07,28,6
1317,002,07,21,7
1318,002,07,16,7
1319,002,07,12,7
1320,012,07,0,7
1321,012,07,6,2
1322,012,07,12,0
1323,012,07,16,1
1324,012,07,21,0
1325,012,07,26,3
1326,012,07,29,9
1327,012,07,26,15
1328,012,07,20,18
1329,012,07,15,19
1330,012,07,10,18
1331,012,07,4,15
1332,012,07,3,7
1333,012,07,11,5
1334,012,07,16,5
1335,012,07,21,5
1336,012,07,27,8
1337,012,07,20,11
1338,012,07,16,12
1339,012,07,11,11
1340,006,07,0,6
1341,006,07,5,2
1342,006,07,11,0
1343,006,07,15,1
1344,006,07,20,0
1345,006,07,25,3
1346,006,07,29,7
1347,006,07,25,14
1348,006,07,19,16
1349,006,07,14,17
1350,006,07,10,16
1351,006,07,4,13
1352,006,07,2,6
1353,006,07,11,4
1354,006,07,15,5
1355,006,07,20,5
1356,006,07,26,7
1357,006,07,20,10
1358,006,07,15,10
1359,006,07,10,9
1360,007,07,0,7
1361,007,07,6,3
1362,007,07,12,0
1363,007,07,15,2
1364,007,07,20,1
1365,007,07,24,4
1366,007,07,28,8
1367,007,07,24,14
1368,007,07,19,16
1369,007,07,14,16
1370,007,07,10,16
1371,007,07,5,13
1372,007,07,3,7
1373,007,07,11,5
1374,007,07,15,5
1375,007,07,19,5
1376,007,07,25,8
1377,007,07,19,9
1378,007,07,15,10
1379,007,07,11,9
1380,013,07,0,5
1381,013,07,6,1
1382,013,07,12,0
1383,013,07,16,1
1384,013,07,20,0
1385,013,07,25,2
1386,013,07,29,6
1387,013,07,25,12
1388,013,07,20,14
1389,013,07,15,14
1390,013,07,11,14
1391,013,07,5,11
1392,013,07,3,5
1393,013,07,12,4
1394,013,07,16,4
1395,013,07,20,4
1396,013,07,27,6
1397,013,07,20,7
1398,013,07,16,8
1399,013,07,11,7
1400,005,07,0,7
1401,005,07,5,2
1402,005,07,11,0
1403,005,07,16,1
1404,005,07,20,1
1405,005,07,25,3
1406,005,07,29,9
1407,005,07,25,15
1408,005,07,20,18
1409,005,07,15,19
1410,005,07,10,18
1411,005,07,4,15
1412,005,07,3,7
1413,005,07,11,4
1414,005,07,15,5
1415,005,07,20,5
1416,005,07,26,8
1417,005,07,20,11
1418,005,07,15,12
1419,005,07,11,11
1420,011,07,0,6
1421,011,07,6,2
1422,011,07,12,0
1423,011,07,16,1
1424,011,07,21,0
1425,011,07,26,3
1426,011,07,29,7
1427,011,07,25,13
1428,011,07,20,16
1429,011,07,15,16
1430,011,07,10,16
1431,011,07,5,13
1432,011,07,3,6
1433,011,07,12,4
1434,011,07,16,5
1435,011,07,21,4
1436,011,07,27,7
1437,011,07,20,9
1438,011,07,16,9
1439,011,07,11,9
1440,010,07,0,7
1441,010,07,5,2
1442,010,07,11,0
1443,010,07,15,2
1444,010,07,20,1
1445,010,07,25,3
1446,010,07,29,8
1447,010,07,25,14
1448,010,07,19,16
1449,010,07,14,17
1450,010,07,9,16
1451,010,07,4,13
1452,010,07,2,7
1453,010,07,10,5
1454,010,07,15,5
1455,010,07,20,5
1456,010,07,26,8
1457,010,07,20,9
1458,010,07,15,10
1459,010,07,10,9
1460,004,07,0,7
1461,004,07,6,2
1462,004,07,12,0
1463,004,07,16,1
1464,004,07,21,1
1465,004,07,26,3
1466,004,07,29,9
1467,004,07,25,16
1468,004,07,20,19
1469,004,07,15,19
1470,004,07,10,19
1471,004,07,5,15
1472,004,07,3,7
1473,004,07,12,5
1474,004,07,16,5
1475,004,07,20,5
1476,004,07,27,9
1477,004,07,20,12
1478,004,07,16,12
1479,004,07,11,11
1480,009,07,0,7
1481,009,07,5,2
1482,009,07,11,0
1483,009,07,16,1
1484,009,07,20,1
1485,009,07,25,3
1486,009,07,28,8
1487,009,07,25,14
1488,009,07,20,17
1489,009,07,15,17
1490,009,07,10,17
1491,009,07,4,14
1492,009,07,2,7
1493,009,07,11,4
1494,009,07,15,5
1495,009,07,20,4
1496,009,07,26,8
1497,009,07,20,10
1498,009,07,15,11
1499,009,07,10,10
1500,008,07,0,5
1501,008,07,6,2
1502,008,07,11,0
1503,008,07,15,1
1504,008,07,20,0
1505,008,07,25,2
1506,008,07,29,7
1507,008,07,24,10
1508,008,07,20,11
1509,008,07,15,12
1510,008,07,10,11
1511,008,07,5,10
1512,008,07,2,5
1513,008,07,11,4
1514,008,07,15,5
1515,008,07,20,4
1516,008,07,27,6
1517,008,07,20,5
1518,008,07,15,6
1519,008,07,11,5
1520,001,09,0,4
1521,001,09,8,1
1522,001,09,13,0
1523,001,09,17,1
1524,001,09,21,0
1525,001,09,25,2
1526,001,09,31,4
1527,001,09,25,7
1528,001,09,20,8
1529,001,09,16,9
1530,001,09,12,8
1531,001,09,7,7
1532,001,09,3,4
1533,001,09,13,3
1534,001,09,17,4
1535,001,09,21,3
1536,001,09,28,4
1537,001,09,20,3
1538,001,09,17,4
1539,001,09,13,3
1540,003,09,0,7
1541,003,09,5,3
1542,003,09,11,0
1543,003,09,15,2
1544,003,09,20,1
1545,003,09,25,4
1546,003,09,28,9
1547,003,09,24,15
1548,003,09,19,18
1549,003,09,14,18
1550,003,09,10,18
1551,003,09,4,15
1552,003,09,3,8
1553,003,09,11,5
1554,003,09,15,5
1555,003,09,19,5
1556,003,09,26,9
1557,003,09,19,11
1558,003,09,15,11
1559,003,09,11,11
1560,002,09,0,6
1561,002,09,6,2
1562,002,09,12,0
1563,002,09,16,1
1564,002,09,20,0
1565,002,09,25,2
1566,002,09,29,7
1567,002,09,25,12
1568,002,09,20,14
1569,002,09,15,15
1570,002,09,11,14
1571,002,09,5,12
1572,002,09,3,6
1573,002,09,12,5
1574,002,09,16,5
1575,002,09,20,5
1576,002,09,27,6
1577,002,09,20,8
1578,002,09,16,8
1579,002,09,12,8
1580,012,09,0,5
1581,012,09,6,2
1582,012,09,12,0
1583,012,09,16,1
1584,012,09,20,0
1585,012,09,25,2
1586,012,09,30,5
1587,012,09,24,8
1588,012,09,20,9
1589,012,09,15,10
1590,012,09,11,9
1591,012,09,6,8
1592,012,09,2,5
1593,012,09,12,4
1594,012,09,16,4
1595,012,09,20,4
1596,012,09,27,5
1597,012,09,20,4
1598,012,09,16,4
1599,012,09,12,4
1600,006,09,0,7
1601,006,09,6,3
1602,006,09,12,0
1603,006,09,16,1
1604,006,09,20,0
1605,006,09,25,3
1606,006,09,29,7
1607,006,09,25,14
1608,006,09,20,16
1609,006,09,15,16
1610,006,09,11,16
1611,006,09,5,13
1612,006,09,3,7
1613,006,09,12,4
1614,006,09,16,5
1615,006,09,20,4
1616,006,09,26,7
1617,006,09,20,9
1618,006,09,16,10
1619,006,09,11,9
1620,007,09,0,7
1621,007,09,6,3
1622,007,09,12,0
1623,007,09,16,1
1624,007,09,20,1
1625,007,09,25,3
1626,007,09,29,8
1627,007,09,25,15
1628,007,09,20,17
1629,007,09,15,18
1630,007,09,11,17
1631,007,09,5,14
1632,007,09,3,7
1633,007,09,12,5
1634,007,09,16,5
1635,007,09,20,5
1636,007,09,25,8
1637,007,09,20,10
1638,007,09,16,11
1639,007,09,11,10
1640,005,09,0,7
1641,005,09,5,3
1642,005,09,11,0
1643,005,09,15,2
1644,005,09,20,1
1645,005,09,25,3
1646,005,09,28,8
1647,005,09,24,16
1648,005,09,19,19
1649,005,09,14,19
1650,005,09,10,19
1651,005,09,4,15
1652,005,09,2,8
1653,005,09,11,5
1654,005,09,15,5
1655,005,09,19,5
1656,005,09,26,8
1657,005,09,19,12
1658,005,09,15,12
1659,005,09,10,12
1660,011,09,0,7
1661,011,09,6,3
1662,011,09,12,0
1663,011,09,16,2
1664,011,09,20,1
1665,011,09,25,3
1666,011,09,29,8
1667,011,09,25,15
1668,011,09,20,18
1669,011,09,15,19
1670,011,09,10,18
1671,011,09,5,15
1672,011,09,3,8
1673,011,09,11,5
1674,011,09,16,6
1675,011,09,20,5
1676,011,09,26,8
1677,011,09,20,11
1678,011,09,15,11
1679,011,09,11,11
1680,010,09,0,7
1681,010,09,6,2
1682,010,09,12,0
1683,010,09,17,2
1684,010,09,21,1
1685,010,09,27,3
1686,010,09,30,9
1687,010,09,26,15
1688,010,09,21,18
1689,010,09,16,19
1690,010,09,11,18
1691,010,09,5,15
1692,010,09,3,7
1693,010,09,12,5
1694,010,09,16,5
1695,010,09,21,5
1696,010,09,27,8
1697,010,09,21,11
1698,010,09,16,12
1699,010,09,11,11
1700,004,09,0,8
1701,004,09,5,3
1702,004,09,12,0
1703,004,09,16,2
1704,004,09,20,1
1705,004,09,25,3
1706,004,09,29,9
1707,004,09,25,16
1708,004,09,20,19
1709,004,09,15,20
1710,004,09,10,19
1711,004,09,4,16
1712,004,09,3,8
1713,004,09,11,5
1714,004,09,16,5
1715,004,09,20,5
1716,004,09,26,9
1717,004,09,20,12
1718,004,09,15,13
1719,004,09,11,12
1720,009,09,0,6
1721,009,09,5,2
1722,009,09,11,0
1723,009,09,16,1
1724,009,09,20,0
1725,009,09,25,3
1726,009,09,29,7
1727,009,09,25,13
1728,009,09,20,16
1729,009,09,15,16
1730,009,09,10,16
1731,009,09,4,13
1732,009,09,2,6
1733,009,09,11,4
1734,009,09,16,5
1735,009,09,20,4
1736,009,09,27,7
1737,009,09,20,9
1738,009,09,15,10
1739,009,09,11,9
1740,008,09,0,6
1741,008,09,5,2
1742,008,09,10,0
1743,008,09,15,1
1744,008,09,19,0
1745,008,09,24,2
1746,008,09,28,7
1747,008,09,24,12
1748,008,09,19,14
1749,008,09,14,15
1750,008,09,9,14
1751,008,09,4,12
1752,008,09,2,6
1753,008,09,10,4
1754,008,09,15,5
1755,008,09,19,5
1756,008,09,25,7
1757,008,09,19,7
1758,008,09,14,8
1759,008,09,10,7
1760,001,08,0,4
1761,001,08,7,1
1762,001,08,13,0
1763,001,08,16,0
1764,001,08,20,0
1765,001,08,25,2
1766,001,08,30,4
1767,001,08,24,7
1768,001,08,20,8
1769,001,08,16,9
1770,001,08,12,8
1771,001,08,7,7
1772,001,08,3,3
1773,001,08,13,3
1774,001,08,16,3
1775,001,08,20,3
1776,001,08,28,4
1777,001,08,20,3
1778,001,08,16,4
1779,001,08,12,3
1780,003,08,0,7
1781,003,08,5,2
1782,003,08,11,0
1783,003,08,15,2
1784,003,08,20,1
1785,003,08,25,3
1786,003,08,28,8
1787,003,08,24,15
1788,003,08,19,18
1789,003,08,14,18
1790,003,08,9,17
1791,003,08,4,14
1792,003,08,2,7
1793,003,08,11,5
1794,003,08,15,5
1795,003,08,19,5
1796,003,08,26,8
1797,003,08,19,10
1798,003,08,15,11
1799,003,08,10,10
1800,002,08,0,5
1801,002,08,6,2
1802,002,08,12,0
1803,002,08,16,2
1804,002,08,21,1
1805,002,08,25,3
1806,002,08,30,7
1807,002,08,25,11
1808,002,08,20,13
1809,002,08,15,14
1810,002,08,11,13
1811,002,08,6,11
1812,002,08,3,6
1813,002,08,12,5
1814,002,08,16,5
1815,002,08,20,5
1816,002,08,27,6
1817,002,08,20,7
1818,002,08,16,8
1819,002,08,12,7
1820,012,08,0,7
1821,012,08,5,2
1822,012,08,12,0
1823,012,08,16,1
1824,012,08,21,0
1825,012,08,26,3
1826,012,08,29,8
1827,012,08,25,14
1828,012,08,20,17
1829,012,08,15,18
1830,012,08,10,17
1831,012,08,4,14
1832,012,08,3,7
1833,012,08,11,4
1834,012,08,16,5
1835,012,08,20,4
1836,012,08,27,8
1837,012,08,20,10
1838,012,08,15,10
1839,012,08,11,10
1840,006,08,0,6
1841,006,08,6,2
1842,006,08,12,0
1843,006,08,16,1
1844,006,08,21,0
1845,006,08,26,2
1846,006,08,29,7
1847,006,08,25,13
1848,006,08,20,16
1849,006,08,15,16
1850,006,08,11,16
1851,006,08,5,13
1852,006,08,3,6
1853,006,08,12,4
1854,006,08,16,4
1855,006,08,20,4
1856,006,08,27,7
1857,006,08,20,9
1858,006,08,16,10
1859,006,08,11,9
1860,007,08,0,6
1861,007,08,6,2
1862,007,08,11,0
1863,007,08,15,1
1864,007,08,19,0
1865,007,08,24,3
1866,007,08,29,7
1867,007,08,24,12
1868,007,08,19,14
1869,007,08,15,15
1870,007,08,10,15
1871,007,08,5,12
1872,007,08,3,6
1873,007,08,11,4
1874,007,08,15,5
1875,007,08,19,4
1876,007,08,26,7
1877,007,08,19,8
1878,007,08,15,9
1879,007,08,11,8
1880,013,08,0,5
1881,013,08,7,1
1882,013,08,13,0
1883,013,08,17,1
1884,013,08,21,0
1885,013,08,26,1
1886,013,08,31,5
1887,013,08,25,7
1888,013,08,21,9
1889,013,08,16,9
1890,013,08,12,9
1891,013,08,7,8
1892,013,08,3,5
1893,013,08,12,3
1894,013,08,17,4
1895,013,08,21,3
1896,013,08,28,4
1897,013,08,21,3
1898,013,08,17,4
1899,013,08,12,4
1900,005,08,0,7
1901,005,08,5,2
1902,005,08,11,0
1903,005,08,15,2
1904,005,08,20,1
1905,005,08,25,3
1906,005,08,29,9
1907,005,08,24,16
1908,005,08,19,19
1909,005,08,14,20
1910,005,08,10,19
1911,005,08,4,16
1912,005,08,3,7
1913,005,08,11,5
1914,005,08,15,5
1915,005,08,20,5
1916,005,08,26,8
1917,005,08,19,12
1918,005,08,15,12
1919,005,08,10,12
1920,011,08,0,7
1921,011,08,6,2
1922,011,08,12,0
1923,011,08,16,1
1924,011,08,21,1
1925,011,08,26,3
1926,011,08,30,8
1927,011,08,25,14
1928,011,08,20,17
1929,011,08,15,17
1930,011,08,10,16
1931,011,08,5,13
1932,011,08,3,7
1933,011,08,11,4
1934,011,08,16,5
1935,011,08,21,5
1936,011,08,27,8
1937,011,08,21,10
1938,011,08,16,10
1939,011,08,11,9
1940,010,08,0,6
1941,010,08,6,2
1942,010,08,12,0
1943,010,08,16,1
1944,010,08,21,0
1945,010,08,26,3
1946,010,08,30,7
1947,010,08,25,12
1948,010,08,20,15
1949,010,08,15,15
1950,010,08,10,14
1951,010,08,5,12
1952,010,08,3,6
1953,010,08,11,4
1954,010,08,16,4
1955,010,08,21,4
1956,010,08,27,7
1957,010,08,20,8
1958,010,08,16,9
1959,010,08,11,8
1960,004,08,0,7
1961,004,08,5,2
1962,004,08,11,0
1963,004,08,15,2
1964,004,08,20,1
1965,004,08,25,3
1966,004,08,28,9
1967,004,08,24,15
1968,004,08,19,18
1969,004,08,14,18
1970,004,08,9,18
1971,004,08,4,15
1972,004,08,2,7
1973,004,08,11,5
1974,004,08,15,5
1975,004,08,20,5
1976,004,08,26,8
1977,004,08,19,10
1978,004,08,15,11
1979,004,08,10,10
1980,009,08,0,7
1981,009,08,5,2
1982,009,08,11,0
1983,009,08,15,1
1984,009,08,20,1
1985,009,08,25,3
1986,009,08,29,8
1987,009,08,25,14
1988,009,08,20,16
1989,009,08,15,17
1990,009,08,10,16
1991,009,08,4,14
1992,009,08,2,7
1993,009,08,11,5
1994,009,08,15,5
1995,009,08,20,5
1996,009,08,26,8
1997,009,08,20,10
1998,009,08,15,10
1999,009,08,10,10
2000,008,08,0,5
2001,008,08,6,2
2002,008,08,11,0
2003,008,08,15,2
2004,008,08,20,0
2005,008,08,24,2
2006,008,08,29,6
2007,008,08,24,9
2008,008,08,19,11
2009,008,08,15,11
2010,008,08,10,11
2011,008,08,5,9
2012,008,08,2,5
2013,008,08,11,4
2014,008,08,15,5
2015,008,08,19,4
2016,008,08,27,5
2017,008,08,19,5
2018,008,08,15,5
2019,008,08,11,5
2020,001,01,0,5
2021,001,01,6,2
2022,001,01,12,0
2023,001,01,16,1
2024,001,01,19,0
2025,001,01,24,3
2026,001,01,28,6
2027,001,01,23,10
2028,001,01,19,11
2029,001,01,15,11
2030,001,01,11,11
2031,001,01,6,9
2032,001,01,3,5
2033,001,01,12,4
2034,001,01,15,5
2035,001,01,19,4
2036,001,01,26,6
2037,001,01,19,5
2038,001,01,15,5
2039,001,01,11,5
2040,003,01,0,7
2041,003,01,6,3
2042,003,01,12,0
2043,003,01,16,2
2044,003,01,20,1
2045,003,01,25,4
2046,003,01,28,9
2047,003,01,24,14
2048,003,01,19,16
2049,003,01,15,17
2050,003,01,11,16
2051,003,01,5,14
2052,003,01,3,7
2053,003,01,12,5
2054,003,01,16,5
2055,003,01,20,5
2056,003,01,26,8
2057,003,01,19,10
2058,003,01,15,10
2059,003,01,11,10
2060,002,01,0,6
2061,002,01,6,3
2062,002,01,12,0
2063,002,01,16,2
2064,002,01,20,1
2065,002,01,25,3
2066,002,01,28,8
2067,002,01,24,13
2068,002,01,19,15
2069,002,01,15,16
2070,002,01,11,15
2071,002,01,5,13
2072,002,01,3,7
2073,002,01,12,5
2074,002,01,16,6
2075,002,01,20,5
2076,002,01,26,8
2077,002,01,19,9
2078,002,01,15,9
2079,002,01,11,8
2080,012,01,0,5
2081,012,01,6,1
2082,012,01,13,0
2083,012,01,17,1
2084,012,01,21,0
2085,012,01,27,2
2086,012,01,31,5
2087,012,01,27,12
2088,012,01,21,16
2089,012,01,16,16
2090,012,01,12,16
2091,012,01,5,13
2092,012,01,3,5
2093,012,01,12,4
2094,012,01,17,4
2095,012,01,21,4
2096,012,01,29,5
2097,012,01,21,9
2098,012,01,17,10
2099,012,01,12,9
2100,006,01,0,6
2101,006,01,6,2
2102,006,01,12,0
2103,006,01,16,1
2104,006,01,20,0
2105,006,01,25,2
2106,006,01,28,6
2107,006,01,24,12
2108,006,01,19,15
2109,006,01,15,16
2110,006,01,11,15
2111,006,01,5,13
2112,006,01,3,6
2113,006,01,12,3
2114,006,01,16,4
2115,006,01,20,3
2116,006,01,26,6
2117,006,01,20,8
2118,006,01,15,9
2119,006,01,11,9
2120,007,01,0,7
2121,007,01,5,3
2122,007,01,11,0
2123,007,01,15,2
2124,007,01,19,1
2125,007,01,24,3
2126,007,01,28,8
2127,007,01,24,14
2128,007,01,19,16
2129,007,01,14,17
2130,007,01,10,16
2131,007,01,5,14
2132,007,01,3,7
2133,007,01,11,5
2134,007,01,15,5
2135,007,01,19,5
2136,007,01,25,8
2137,007,01,19,9
2138,007,01,15,10
2139,007,01,11,9
2140,013,01,0,3
2141,013,01,7,1
2142,013,01,13,0
2143,013,01,17,1
2144,013,01,21,0
2145,013,01,26,1
2146,013,01,32,3
2147,013,01,26,7
2148,013,01,21,8
2149,013,01,17,9
2150,013,01,13,9
2151,013,01,7,7
2152,013,01,3,3
2153,013,01,13,3
2154,013,01,17,3
2155,013,01,21,3
2156,013,01,30,3
2157,013,01,21,3
2158,013,01,17,4
2159,013,01,13,3
2160,005,01,0,7
2161,005,01,5,2
2162,005,01,11,0
2163,005,01,15,1
2164,005,01,20,0
2165,005,01,25,2
2166,005,01,29,8
2167,005,01,25,15
2168,005,01,20,18
2169,005,01,15,18
2170,005,01,10,18
2171,005,01,4,14
2172,005,01,3,7
2173,005,01,11,4
2174,005,01,15,4
2175,005,01,20,4
2176,005,01,26,8
2177,005,01,20,10
2178,005,01,15,11
2179,005,01,10,10
2180,011,01,0,7
2181,011,01,5,2
2182,011,01,12,0
2183,011,01,16,1
2184,011,01,21,0
2185,011,01,26,3
2186,011,01,30,8
2187,011,01,26,15
2188,011,01,21,18
2189,011,01,15,18
2190,011,01,10,18
2191,011,01,4,15
2192,011,01,3,7
2193,011,01,11,5
2194,011,01,16,5
2195,011,01,21,5
2196,011,01,27,8
2197,011,01,21,11
2198,011,01,16,11
2199,011,01,11,11
2200,010,01,0,6
2201,010,01,6,2
2202,010,01,12,0
2203,010,01,16,1
2204,010,01,21,0
2205,010,01,26,2
2206,010,01,30,7
2207,010,01,25,12
2208,010,01,20,15
2209,010,01,15,15
2210,010,01,10,15
2211,010,01,5,12
2212,010,01,3,6
2213,010,01,11,4
2214,010,01,16,4
2215,010,01,21,4
2216,010,01,27,7
2217,010,01,21,9
2218,010,01,16,9
2219,010,01,11,8
2220,004,01,0,8
2221,004,01,5,3
2222,004,01,11,0
2223,004,01,16,1
2224,004,01,20,0
2225,004,01,25,3
2226,004,01,29,9
2227,004,01,25,15
2228,004,01,20,18
2229,004,01,15,19
2230,004,01,10,19
2231,004,01,4,16
2232,004,01,3,8
2233,004,01,11,5
2234,004,01,15,5
2235,004,01,20,5
2236,004,01,26,8
2237,004,01,20,11
2238,004,01,15,12
2239,004,01,11,11
2240,009,01,0,7
2241,009,01,6,2
2242,009,01,12,0
2243,009,01,16,1
2244,009,01,21,1
2245,009,01,26,3
2246,009,01,30,8
2247,009,01,26,14
2248,009,01,20,17
2249,009,01,15,17
2250,009,01,10,17
2251,009,01,5,14
2252,009,01,3,7
2253,009,01,11,4
2254,009,01,16,5
2255,009,01,21,5
2256,009,01,27,8
2257,009,01,20,10
2258,009,01,16,10
2259,009,01,11,10
2260,008,01,0,6
2261,008,01,6,2
2262,008,01,12,0
2263,008,01,15,1
2264,008,01,20,1
2265,008,01,24,3
2266,008,01,29,7
2267,008,01,24,10
2268,008,01,19,12
2269,008,01,14,12
2270,008,01,10,12
2271,008,01,5,10
2272,008,01,2,6
2273,008,01,11,4
2274,008,01,15,5
2275,008,01,19,4
2276,008,01,26,7
2277,008,01,19,6
2278,008,01,15,6
2279,008,01,11,6
2280,001,06,0,4
2281,001,06,7,2
2282,001,06,12,0
2283,001,06,16,1
2284,001,06,20,0
2285,001,06,25,2
2286,001,06,29,5
2287,001,06,24,8
2288,001,06,20,9
2289,001,06,15,10
2290,001,06,11,10
2291,001,06,6,8
2292,001,06,2,4
2293,001,06,12,4
2294,001,06,16,4
2295,001,06,20,4
2296,001,06,27,5
2297,001,06,20,4
2298,001,06,16,4
2299,001,06,12,4
2300,003,06,0,6
2301,003,06,6,2
2302,003,06,12,0
2303,003,06,16,2
2304,003,06,20,1
2305,003,06,25,3
2306,003,06,29,8
2307,003,06,25,14
2308,003,06,19,17
2309,003,06,15,18
2310,003,06,10,17
2311,003,06,4,14
2312,003,06,3,6
2313,003,06,12,5
2314,003,06,16,5
2315,003,06,20,5
2316,003,06,26,8
2317,003,06,20,10
2318,003,06,15,11
2319,003,06,11,10
2320,002,06,0,5
2321,002,06,6,1
2322,002,06,12,0
2323,002,06,16,1
2324,002,06,20,0
2325,002,06,25,3
2326,002,06,29,7
2327,002,06,24,12
2328,002,06,19,14
2329,002,06,15,15
2330,002,06,10,14
2331,002,06,5,11
2332,002,06,3,5
2333,002,06,12,4
2334,002,06,16,5
2335,002,06,20,4
2336,002,06,26,6
2337,002,06,20,8
2338,002,06,15,9
2339,002,06,11,8
2340,006,06,0,6
2341,006,06,6,2
2342,006,06,12,0
2343,006,06,16,2
2344,006,06,20,1
2345,006,06,25,3
2346,006,06,28,7
2347,006,06,24,11
2348,006,06,19,13
2349,006,06,15,13
2350,006,06,10,13
2351,006,06,5,11
2352,006,06,3,6
2353,006,06,11,5
2354,006,06,15,5
2355,006,06,20,5
2356,006,06,26,7
2357,006,06,20,6
2358,006,06,15,7
2359,006,06,11,6
2360,007,06,0,7
2361,007,06,5,2
2362,007,06,11,0
2363,007,06,16,1
2364,007,06,21,0
2365,007,06,26,3
2366,007,06,29,8
2367,007,06,25,14
2368,007,06,20,17
2369,007,06,15,17
2370,007,06,10,17
2371,007,06,4,14
2372,007,06,3,7
2373,007,06,11,4
2374,007,06,16,5
2375,007,06,21,4
2376,007,06,27,8
2377,007,06,20,10
2378,007,06,15,11
2379,007,06,10,10
2380,005,06,0,5
2381,005,06,6,2
2382,005,06,12,0
2383,005,06,16,1
2384,005,06,20,0
2385,005,06,25,2
2386,005,06,29,6
2387,005,06,24,12
2388,005,06,19,15
2389,005,06,15,15
2390,005,06,10,15
2391,005,06,5,12
2392,005,06,3,5
2393,005,06,12,4
2394,005,06,15,4
2395,005,06,20,4
2396,005,06,26,6
2397,005,06,20,8
2398,005,06,15,8
2399,005,06,11,8
2400,011,06,0,5
2401,011,06,6,2
2402,011,06,12,0
2403,011,06,16,2
2404,011,06,20,1
2405,011,06,25,2
2406,011,06,29,5
2407,011,06,24,8
2408,011,06,19,10
2409,011,06,15,10
2410,011,06,11,10
2411,011,06,6,8
2412,011,06,2,5
2413,011,06,12,4
2414,011,06,16,5
2415,011,06,20,4
2416,011,06,27,5
2417,011,06,20,4
2418,011,06,15,5
2419,011,06,11,4
2420,010,06,0,6
2421,010,06,6,2
2422,010,06,12,0
2423,010,06,16,2
2424,010,06,21,1
2425,010,06,26,3
2426,010,06,29,8
2427,010,06,25,14
2428,010,06,20,17
2429,010,06,15,18
2430,010,06,11,17
2431,010,06,5,14
2432,010,06,3,6
2433,010,06,12,5
2434,010,06,16,5
2435,010,06,20,5
2436,010,06,27,8
2437,010,06,20,10
2438,010,06,16,10
2439,010,06,11,10
2440,004,06,0,6
2441,004,06,6,2
2442,004,06,13,0
2443,004,06,17,1
2444,004,06,22,1
2445,004,06,27,3
2446,004,06,30,8
2447,004,06,26,14
2448,004,06,21,17
2449,004,06,16,17
2450,004,06,11,17
2451,004,06,5,14
2452,004,06,3,6
2453,004,06,12,4
2454,004,06,17,5
2455,004,06,21,5
2456,004,06,28,7
2457,004,06,21,10
2458,004,06,16,11
2459,004,06,12,10
2460,009,06,0,7
2461,009,06,5,3
2462,009,06,12,0
2463,009,06,16,1
2464,009,06,20,1
2465,009,06,26,3
2466,009,06,29,9
2467,009,06,25,15
2468,009,06,20,19
2469,009,06,15,19
2470,009,06,10,19
2471,009,06,4,15
2472,009,06,2,7
2473,009,06,11,5
2474,009,06,16,5
2475,009,06,20,5
2476,009,06,26,8
2477,009,06,20,11
2478,009,06,15,12
2479,009,06,11,11
2480,008,06,0,6
2481,008,06,6,2
2482,008,06,12,0
2483,008,06,16,2
2484,008,06,21,1
2485,008,06,26,3
2486,008,06,30,8
2487,008,06,26,13
2488,008,06,20,16
2489,008,06,15,16
2490,008,06,11,16
2491,008,06,5,13
2492,008,06,3,6
2493,008,06,12,4
2494,008,06,16,5
2495,008,06,21,5
2496,008,06,28,8
2497,008,06,21,9
2498,008,06,16,10
2499,008,06,11,9
